{
  "id": "e8dadc8e-e103-44de-8b51-1955f75f37fd",
  "name": "job-vacancy",
  "isOverridable": true,
  "entries": [
    {
      "value": "Accountant",
      "synonyms": [
        "Accountant",
        "Bookkeeper"
      ]
    },
    {
      "value": "Shop Assistant",
      "synonyms": [
        "Shop Assistant",
        "Sales",
        "Sales person",
        "Sales rep",
        "Sales representative",
        "Shop boy",
        "Shop girl"
      ]
    }
  ],
  "isEnum": false,
  "automatedExpansion": false
}